??;samsung
??;Ktouch
??;hisense
??;lenovo
??;obi
???;ipair
???;nubia
??;youmi
??;dowe
??;heymi
??;hammer
????;koobee
??;meitu
???;nibilu
??;oneplus
??;yougo
???;nokia
???;candy
????;ccmc
??;yuxin
??;kiwu
??;greeno
??;asus
??;panosonic
??;weitu
???;aiyouni
????;moto
??;xiangmi
??;micky
???;bigcola
???;wpf
??;hasse
??;mole
??;fs
??;mige
???;fks
??;desci
??;mengmi
??;lshi
???;smallt
??;newman
??;banghua
E?;epai
??;epai
???;pner
??;ouxin
??;ximi
??;haier
??;bodao
??;nuomi
??;weimi
??;kupo
??;google
??;ada
??;lingyun
